query_id,group_size,positive_count,ndcg@3_ml,ndcg@5_ml,ndcg@10_ml,recall@3_ml,recall@5_ml,recall@10_ml,mrr_ml,avg_label_top1_ml,avg_label_top3_ml,ndcg@3_baseline,ndcg@5_baseline,ndcg@10_baseline,recall@3_baseline,recall@5_baseline,recall@10_baseline,mrr_baseline,avg_label_top1_baseline,avg_label_top3_baseline
nearby_q_002,301,2,0.7967075809905066,0.7967075809905066,0.7967075809905066,1.0,1.0,1.0,1.0,1.0,1.0,0.7967075809905066,0.7967075809905066,0.7967075809905066,1.0,1.0,1.0,1.0,1.0,1.0
nearby_q_011,301,38,0.5692897379691039,0.5912937039977118,0.6489479938047495,0.07894736842105263,0.13157894736842105,0.2631578947368421,1.0,1.0,1.6666666666666667,0.3012598134176201,0.5085501411092376,0.5136210878491442,0.07894736842105263,0.13157894736842105,0.2631578947368421,1.0,1.0,1.3333333333333333
nearby_q_012,301,156,0.7988805459902473,0.6962036678227084,0.5587305093969266,0.019230769230769232,0.03205128205128205,0.0641025641025641,1.0,3.0,2.3333333333333335,1.0,0.7623370622671015,0.6499775820501591,0.019230769230769232,0.03205128205128205,0.0641025641025641,1.0,3.0,3.0
route_q_001,301,34,0.3615316105681776,0.3383861564344244,0.4843165607963182,0.08823529411764706,0.14705882352941177,0.29411764705882354,1.0,2.0,1.6666666666666667,0.4780562328733975,0.38511443233829723,0.47602993668959076,0.08823529411764706,0.14705882352941177,0.29411764705882354,1.0,2.0,2.0
