query_id,accuracy_ml,balanced_accuracy_ml,precision_ml,recall_ml,f1_ml,roc_auc_ml,pr_auc_ml,accuracy_baseline,balanced_accuracy_baseline,precision_baseline,recall_baseline,f1_baseline,roc_auc_baseline,pr_auc_baseline,top3_hit_rate_ml,top3_hit_rate_baseline,avg_selected_rank_ml,avg_selected_rank_baseline
nearby_q_002,0.6666666666666666,0.5,0.0,0.0,0.0,1.0,1.0,0.3333333333333333,0.5,0.3333333333333333,1.0,0.5,1.0,1.0,1.0,1.0,1.0,1.0
nearby_q_007,0.7777777777777778,0.5,0.0,0.0,0.0,0.35714285714285715,0.2777777777777778,0.7777777777777778,0.5,0.0,0.0,0.0,0.5,0.375,1.0,1.0,3.0,2.5
nearby_q_012,0.9105691056910569,0.5867256637168141,0.4,0.2,0.26666666666666666,0.5991150442477877,0.2015149764099723,0.17886178861788618,0.5530973451327433,0.09009009009009009,1.0,0.1652892561983471,0.6079646017699114,0.13791352642103602,1.0,1.0,2.1,2.2
route_q_006,0.8666666666666667,0.47560975609756095,0.0,0.0,0.0,0.5990853658536586,0.11839359174835447,0.17777777777777778,0.4923780487804878,0.0875,0.875,0.1590909090909091,0.5091463414634146,0.09784074452679103,1.0,1.0,1.75,2.0
